{"name":"289d7c45-ab45-4713-841d-f0108f945168","id":"/providers/Microsoft.Flow/flows/289d7c45-ab45-4713-841d-f0108f945168","type":"Microsoft.Flow/flows","properties":{"apiId":"/providers/Microsoft.PowerApps/apis/shared_logicflows","displayName":"Ingreso_de_Correos_Por_Asunto","definition":{"metadata":{"workflowEntityId":null,"processAdvisorMetadata":null,"flowChargedByPaygo":null,"flowclientsuspensionreason":"None","flowclientsuspensiontime":null,"flowclientsuspensionreasondetails":null,"creator":{"id":"818d89df-b4f6-460f-8bee-a079370165ff","type":"User","tenantId":"b7a14df2-6d9e-4da3-91eb-c8c9c5b5129c"},"provisioningMethod":"FromDefinition","failureAlertSubscription":true,"clientLastModifiedTime":"2026-01-26T21:33:57.8603131Z","connectionKeySavedTimeKey":"2026-01-26T21:33:57.8603131Z","creationSource":"Portal","modifiedSources":"Portal"},"$schema":"https://schema.management.azure.com/providers/Microsoft.Logic/schemas/2016-06-01/workflowdefinition.json#","contentVersion":"1.0.0.0","parameters":{"$authentication":{"defaultValue":{},"type":"SecureObject"},"$connections":{"defaultValue":{},"type":"Object"}},"triggers":{"Cuando_llega_un_nuevo_correo_electrónico_(V3)":{"splitOn":"@triggerOutputs()?['body/value']","type":"OpenApiConnectionNotification","inputs":{"parameters":{"includeAttachments":true,"subjectFilter":"Requerimiento resuelto","importance":"Any"},"host":{"apiId":"/providers/Microsoft.PowerApps/apis/shared_office365","connectionName":"shared_office365","operationId":"OnNewEmailV3"},"authentication":"@parameters('$authentication')"}}},"actions":{"For_each":{"foreach":"@triggerOutputs()?['body/attachments']","actions":{"Crear_archivo":{"type":"OpenApiConnection","inputs":{"parameters":{"folderPath":"/Automatización correos por asunto","name":"@item()?['name']","body":"@item()?['contentBytes']"},"host":{"apiId":"/providers/Microsoft.PowerApps/apis/shared_onedriveforbusiness","connectionName":"shared_onedriveforbusiness","operationId":"CreateFile"},"authentication":"@parameters('$authentication')"},"runtimeConfiguration":{"contentTransfer":{"transferMode":"Chunked"}}}},"runAfter":{},"type":"Foreach"},"Agregar_una_fila_a_una_tabla":{"runAfter":{"For_each":["Succeeded"]},"metadata":{"01BKG2PDN4J6MS7W3OBBF3CYA7RW5GTOCU":"/Datos de entrada/Libro.xlsx"},"type":"OpenApiConnection","inputs":{"parameters":{"source":"me","drive":"b!5hhu_zDVgkSQ36WKI5XbWKBEdZD8s3lOoSbBwbriyhzptQP0TVNESKclsd49DTE9","file":"01BKG2PDN4J6MS7W3OBBF3CYA7RW5GTOCU","table":"{74DA5989-857F-4921-B66B-573935D6215B}","item/Remitente":"@triggerOutputs()?['body/from']","item/Fecha":"@triggerOutputs()?['body/receivedDateTime']","item/Asunto":"@triggerOutputs()?['body/subject']"},"host":{"apiId":"/providers/Microsoft.PowerApps/apis/shared_excelonlinebusiness","connectionName":"shared_excelonlinebusiness","operationId":"AddRowV2"},"authentication":"@parameters('$authentication')"}}},"outputs":{}},"connectionReferences":{"shared_office365":{"connectionName":"shared-office365-a82bec43-dff5-41f4-a737-145c3cb30f03","source":"Embedded","id":"/providers/Microsoft.PowerApps/apis/shared_office365","tier":"NotSpecified","apiName":"office365","isProcessSimpleApiReferenceConversionAlreadyDone":false},"shared_onedriveforbusiness":{"connectionName":"shared-onedriveforbu-af87e1ba-42be-487c-b819-f60b8011a2dd","source":"Embedded","id":"/providers/Microsoft.PowerApps/apis/shared_onedriveforbusiness","tier":"NotSpecified","apiName":"onedriveforbusiness","isProcessSimpleApiReferenceConversionAlreadyDone":false},"shared_excelonlinebusiness":{"connectionName":"shared-excelonlinebu-bca8c769-ae6f-4d61-a475-ad89e2ae1cf7","source":"Embedded","id":"/providers/Microsoft.PowerApps/apis/shared_excelonlinebusiness","tier":"NotSpecified","apiName":"excelonlinebusiness","isProcessSimpleApiReferenceConversionAlreadyDone":false}},"flowFailureAlertSubscribed":false,"isManaged":false}}